{
  "seed_43": {
    "random": {
      "tstt_curve": [
        298.2430171935663,
        275.3472656683306,
        267.6677537437604,
        237.4987909040488,
        191.4211869107044,
        171.00334997226844,
        167.34277315585135,
        154.31821408763173,
        126.29006100942873,
        117.6334553521908,
        115.35907931225735,
        107.98275097060454,
        99.85234608985024,
        95.33521907931225,
        91.66738768718803,
        82.90926234054353,
        53.26047143649473,
        35.72533277870216,
        30.874769828064338,
        26.590665557404325,
        24.279808652246256,
        20.75926095396561
      ],
      "reward": 22.183137290837763,
      "auc": 2631.861083610649
    }
  }
}