{
  "seed_43": {
    "random": {
      "tstt_curve": [
        323.9561175818081,
        316.30533555185804,
        296.87074875207986,
        285.6973488630061,
        260.4448363838048,
        250.69215751525235,
        227.96275097060456,
        210.14515806988354,
        206.47236827509707,
        153.9296062118691,
        136.61697171381033,
        121.57455352190793,
        96.06297282307266,
        93.95608430393789,
        91.23094841930117,
        70.38976150859678,
        58.6369439822518,
        52.52317249029395,
        35.355271769273436,
        23.55694120909595,
        21.79922074320577,
        20.745004159733778
      ],
      "reward": 22.186120910613262,
      "auc": 3182.573713948974
    }
  }
}