{
  "seed_43": {
    "random": {
      "tstt_curve": [
        329.82910704381584,
        314.6039046034387,
        264.55050471436493,
        246.92561286744316,
        232.86433721575153,
        171.2763172490294,
        159.6712146422629,
        156.67963394342763,
        112.7375485302274,
        107.06630061009429,
        97.25356627842484,
        81.73744869661675,
        68.55624514697726,
        50.54361064891847,
        46.26732113144759,
        41.83488907376594,
        38.67158901830283,
        33.40095951192457,
        23.857703826955074,
        23.004603438713257,
        21.786343594009985,
        20.740103993344427
      ],
      "reward": 22.187146609589007,
      "auc": 2468.574260260677
    }
  }
}