{
  "seed_43": {
    "random": {
      "tstt_curve": [
        325.30724348308377,
        281.0370493621742,
        274.25149195784803,
        272.2377592900721,
        210.52315030504715,
        180.16087631724903,
        176.37764836383803,
        156.0389683860233,
        146.05063782584583,
        139.3328674431503,
        122.72772046589019,
        116.94440377149196,
        101.28846367165835,
        100.53249029395452,
        71.6118136439268,
        64.68153632834165,
        58.58156960621187,
        57.554414864115365,
        46.28558790904049,
        25.257257348863007,
        22.051839988907375,
        20.852225457570714
      ],
      "reward": 631.0948594638156,
      "auc": 2796.607281613977
    }
  }
}