{
  "seed_43": {
    "random": {
      "tstt_curve": [
        352.0856794231836,
        338.26116472545755,
        305.65726012201884,
        271.75500831946755,
        252.72721020521354,
        240.63831392124237,
        188.33808097615085,
        139.41037160288408,
        98.24605657237937,
        93.5130560177482,
        81.27027731558513,
        66.26005546311703,
        48.88277870216306,
        43.453990571270104,
        38.125102606766504,
        36.133410981697175,
        32.72093178036606,
        31.011134220743205,
        25.44701885745979,
        24.18773433166944,
        22.704683860232944,
        20.837588740987243
      ],
      "reward": 620.0452023610325,
      "auc": 2565.2052752357185
    }
  }
}